Date,New Cases,Active Cases,Total Cases,New Recoveries,Total Recovered,New Deaths,Total Deaths,Daily Recovery Rate (%),Daily Death Rate (%),Weekly Average Daily Recovery Rate (%),Weekly Average Daily Death Rate(%),Recovery Rate so Far(%),Death Rate so Far (%),No Outcome (%),Daily Infection Rate
2020-03-12,328,328,328,0,0,0,0,0.0,0.0,,,0.0,0.0,100.0,0.04468731820231638
2020-03-13,93,421,421,0,0,0,0,0.0,0.0,,,0.0,0.0,100.0,28.353658536585368
2020-03-14,107,524,528,1,1,3,3,0.2375296912114014,0.7125890736342043,,,0.1893939393939394,0.5681818181818182,99.24242424242425,25.41567695961995
2020-03-15,212,729,740,0,1,7,10,0.0,1.3358778625954197,,,0.13513513513513514,1.3513513513513513,98.51351351351352,40.458015267175576
2020-03-16,235,956,975,0,1,8,18,0.0,1.0973936899862826,,,0.10256410256410256,1.8461538461538463,98.05128205128206,32.23593964334705
2020-03-17,742,1692,1717,0,1,6,24,0.0,0.6276150627615062,,,0.05824111822947001,1.3977868375072802,98.54397204426326,77.61506276150628
2020-03-18,1343,3018,3060,0,1,17,41,0.0,1.0047281323877069,0.0339328130302002,0.6826005459093027,0.032679738562091505,1.3398692810457515,98.62745098039215,79.37352245862884
2020-03-19,2342,5334,5402,0,1,26,67,0.0,0.8614976805831677,0.0339328130302002,0.8056716431354696,0.018511662347278787,1.2402813772676786,98.74120696038504,77.60106030483765
2020-03-20,3053,8355,8455,-1,0,33,100,-0.018747656542932135,0.6186726659167604,0.031254576381209896,0.8940534525521496,0.0,1.1827321111768185,98.81726788882318,57.23659542557181
2020-03-21,1994,10320,10449,0,0,29,129,0.0,0.34709754637941354,-0.002678236648990305,0.8418403772300367,0.0,1.2345679012345678,98.76543209876543,23.865948533812087
2020-03-22,5442,15682,15891,0,0,80,209,0.0,0.7751937984496124,-0.002678236648990305,0.7617426537806357,0.0,1.3152098672204393,98.68479013277955,52.73255813953488
2020-03-23,5125,20618,21016,108,108,81,290,0.6886876673893636,0.5165157505420227,0.0957057158352045,0.6787600910028843,0.5138941758660068,1.3799010277883517,98.10620479634564,32.68078051268971
2020-03-24,5518,25979,26534,0,108,157,447,0.0,0.761470559705112,0.0957057158352045,0.6978823048519708,0.40702494912188136,1.6846310394211201,97.908344011457,26.763022601610242
2020-03-25,6677,32505,33211,0,108,151,598,0.0,0.5812386927903307,0.0957057158352045,0.6373838134809171,0.3251934599981934,1.8006082322122188,97.87419830778958,25.701528157357867
2020-03-26,6100,37010,39311,1409,1517,186,784,4.334717735732964,0.5722196585140747,0.7149511066541994,0.596058381756761,3.8589707715397727,1.9943527257001856,94.14667650276004,18.766343639440088
2020-03-27,7383,43630,46694,528,2045,235,1019,1.4266414482572278,0.6349635233720616,0.9214352644827936,0.5983856471075183,4.379577675932668,2.182293228252024,93.43812909581531,19.94866252364226
2020-03-28,7253,49806,53947,681,2726,396,1415,1.5608526243410497,0.9076323630529453,1.1444142108172293,0.6784620494894514,5.053107679759764,2.622944742061653,92.32394757817858,16.62388264955306
2020-03-29,7416,56069,61363,846,3572,307,1722,1.698590531261294,0.6163915994056941,1.387070000997414,0.6557760210546059,5.821097403973078,2.8062513240878055,91.37265127193912,14.889772316588363
2020-03-30,6788,61702,68151,737,4309,418,2140,1.314451836130482,0.7455099966113182,1.4764648822461452,0.6884894847787909,6.322724538157914,3.140085985532127,90.53718947630996,12.10651161961155
2020-03-31,8827,69326,76978,666,4975,537,2677,1.0793815435480212,0.8703121454734044,1.6306622456101483,0.7040382827456898,6.462885499753177,3.4776169814752267,90.0594975187716,14.305857184532107
2020-04-01,8107,75575,85085,1167,6142,691,3368,1.6833511236765426,0.9967400398119032,1.87114097756394,0.7633956180344859,7.218663689251924,3.9583945466298407,88.82294176411824,11.69402532960217
2020-04-02,9357,83120,94442,1292,7434,520,3888,1.7095600396956665,0.6880582203109494,1.496118449558612,0.7799439840054679,7.871497850532602,4.1168124351453805,88.01168971432202,12.38107839894145
2020-04-03,10633,91699,105075,1452,8886,602,4490,1.7468719923002887,0.7242540904716073,1.5418656701361921,0.7926997793054031,8.456816559600286,4.273138234594337,87.27004520580537,12.792348411934553
2020-04-04,11511,100781,116586,1592,10478,837,5327,1.736114897654282,0.912768950588338,1.5669031377523681,0.7934335775247449,8.987356972535295,4.569159247250957,86.44348378021375,12.553026750564346
2020-04-05,8481,106725,125067,1709,12187,828,6155,1.6957561445113662,0.8215834333852611,1.5664982253595212,0.822746696664683,9.74437701392054,4.92136214988766,85.3342608361918,8.415276689058453
2020-04-06,9139,113849,134206,1179,13366,836,6991,1.1047083626141954,0.7833216209885219,1.5365348720000518,0.8281483572899979,9.959316274980255,5.209156073498949,84.8315276515208,8.563129538533614
2020-04-07,10719,122377,144925,1214,14580,977,7968,1.0663246932340205,0.8581542218201301,1.5346696076694804,0.8264115110538158,10.06037605658099,5.4980162152837675,84.44160772813524,9.415102460276332
2020-04-08,9004,128954,153929,1435,16015,992,8960,1.1726059635389003,0.8106098368157415,1.4617060133641029,0.7998214820543641,10.404147366643063,5.820865463947664,83.77498716940927,7.357591704323525
2020-04-09,10538,138274,164467,219,16234,999,9959,0.16982800068241388,0.7746948524279976,1.2417442935050664,0.812198143785371,9.870673144156578,6.055318088127102,84.07400876771632,8.171906261147386
2020-04-10,11050,148356,175517,0,16234,968,10927,0.0,0.7000593025442238,0.9921911517478825,0.8087417455100306,9.249246511733906,6.225607775884957,84.52514571238113,7.991379435034786
2020-04-11,8973,155920,184490,443,16677,966,11893,0.2986060557038475,0.6511364555528594,0.7868327457549633,0.7713656747906764,9.039514336820424,6.4464198601550216,84.51406580302455,6.048289250181995
2020-04-12,8462,163025,192952,412,17089,945,12838,0.2642380708055413,0.6060800410466907,0.5823301637969884,0.7405794758851665,8.856606824495211,6.653468220075459,84.48992495542933,5.427142124166239
2020-04-13,6422,168597,199374,0,17089,850,13688,0.0,0.5213924244747739,0.42451468342353194,0.7031610192403454,8.571328257445805,6.865488980508993,84.5631827620452,3.939273117619997
2020-04-14,7617,175290,206991,0,17089,924,14612,0.0,0.548052456449403,0.2721825843901004,0.6588607670445272,8.255914508360267,7.059244121725099,84.68484136991464,4.517873983522838
2020-04-15,11666,179270,218657,6798,23887,888,15500,3.8781447886359746,0.506589080951566,0.6586881308325395,0.6154292304925021,10.924415865945294,7.088728007793027,81.98685612626169,6.655257002681271
2020-04-16,7639,186303,226296,0,23887,606,16106,0.0,0.3380375969208457,0.634426987877909,0.5530496225629088,10.555643935376676,7.117226994732563,82.32712906989076,4.261170301779439
2020-04-17,7756,193034,234052,0,23887,1025,17131,0.0,0.550179009463079,0.634426987877909,0.5316381521227453,10.205851691077196,7.3193136567942165,82.47483465212859,4.163110631605503
2020-04-18,7093,199587,241145,0,23887,540,17671,0.0,0.27974346488183427,0.5917689799202165,0.4785820105983131,9.905658421281801,7.327956208919945,82.76638536979826,3.6744822155682417
2020-04-19,6177,205137,247322,0,23887,627,18298,0.0,0.31414871710081316,0.5540206840908535,0.43687753574890215,9.658259273335975,7.398452220182596,82.94328850648142,3.0948909498113606
2020-04-20,4881,209387,252203,0,23887,631,18929,0.0,0.30759931167951177,0.5540206840908535,0.4063356624924362,9.471338564569018,7.505461870001547,83.02319956542944,2.37938548384738
2020-04-21,4463,207380,256666,5706,29593,764,19693,2.725097546648073,0.3648746101715961,0.9433203336120067,0.3801673987384637,11.529770207195343,7.672617331473588,80.79761246133107,2.1314599282667976
2020-04-22,5715,212434,262381,0,29593,661,20354,0.0,0.31873854759378917,0.38929964952115326,0.35333160825878135,11.278636791535973,7.757421459633129,80.9639417488309,2.7558105892564373
2020-04-23,6316,218243,268697,0,29593,507,20861,0.0,0.23866236101565663,0.38929964952115326,0.33913514598661143,11.013520805963594,7.763763644551298,81.2227155494851,2.9731587222384364
2020-04-24,8868,225056,277565,1625,31218,430,21291,0.7445828732193014,0.19702808337495362,0.49566863140962486,0.28868501368830785,11.247095274980635,7.670635706951525,81.08226901806783,4.063360565974625
2020-04-25,10873,235312,288438,0,31218,617,21908,0.0,0.27415398834067967,0.49566863140962486,0.28788651703957147,10.823123166850415,7.595393117411714,81.58148371573787,4.831242001990615
2020-04-26,5680,240625,294118,0,31218,367,22275,0.0,0.15596314680084314,0.49566863140962486,0.26528857842529,10.614107263071284,7.5734909118109055,81.8124018251178,2.4138165499422044
2020-04-27,4015,229953,298133,14339,45557,348,22623,5.959064935064935,0.14462337662337663,1.346963622133187,0.24200630198869927,15.280763954342525,7.588224047656583,77.13101199800089,1.6685714285714286
2020-04-28,3447,231473,301580,1406,46963,521,23144,0.6114292920727279,0.22656803781642335,1.0450110143367093,0.2222482202236746,15.572319119304995,7.674248955501028,76.75343192519398,1.4990019699677761
2020-04-29,4710,234643,306290,1210,48173,330,23474,0.5227391531625719,0.14256522358979232,1.1196880362170767,0.1970806025088179,15.72790492670345,7.663978582389239,76.6081164909073,2.0347945548724904
2020-04-30,4683,237788,310973,1232,49405,306,23780,0.5250529527835904,0.13041087950631386,1.1946956009004468,0.18161610515034038,15.887231367353436,7.6469661353236456,76.46580249732291,1.9957978716603522
2020-05-01,4385,240722,315358,1162,50567,289,24069,0.4886705805170993,0.12153683112688614,1.1581367019429893,0.17083164054347358,16.0347922044153,7.632278236163344,76.33292955942136,1.844079600316248
2020-05-02,3993,244416,319351,0,50567,299,24368,0.0,0.12420966924502123,1.1581367019429893,0.1494110235298081,15.8343014426133,7.630475558241558,76.53522299914515,1.658759897308929
2020-05-03,4672,246584,324023,2224,52791,280,24648,0.9099240638910709,0.11455878502225714,1.2881258539274278,0.14349611470429582,16.29236196195949,7.606867413732976,76.10077062430753,1.9114951557999476
2020-05-04,3492,249226,327515,554,53345,296,24944,0.22466988936832885,0.12004022969860169,0.4689265616850556,0.13998423657218512,16.287803612048304,7.616139718791506,76.09605666916019,1.4161502773902606
2020-05-05,2766,251346,330281,386,53731,260,25204,0.15487950695352812,0.104322983958335,0.4037051638108842,0.12252065744960107,16.268268534974762,7.631077779224357,76.10065368580088,1.109836052418287
2020-05-06,3353,253081,333634,866,54597,752,25956,0.3445449698821545,0.2991891655327716,0.3782488519136818,0.1448955062985981,16.364339365891965,7.779782636062272,75.85587799804576,1.334017648977903
2020-05-07,3932,255654,337566,950,55547,409,26365,0.3753738921531051,0.16160833883223158,0.3568661289664695,0.14935228620230062,16.45515247388659,7.810324499505282,75.73452302660813,1.5536527831010625
2020-05-08,3309,257854,340875,889,56436,220,26585,0.3477356114122994,0.08605380709865677,0.33673256195149814,0.14428328276969643,16.556215621562156,7.799046571323799,75.64473780711404,1.294327489497524
2020-05-09,3335,260219,344210,784,57220,186,26771,0.3040480271781706,0.0721338431825762,0.3801679944055225,0.13684387904649,16.623572818918685,7.7775195374916475,75.59890764358967,1.293367564590815
2020-05-10,2418,260200,346628,1954,59174,483,27254,0.750905967665697,0.18561288760620862,0.3574511235161833,0.14699446512991163,17.07132718649388,7.862607752403153,75.06606506110298,0.9292173131093425
2020-05-11,2196,261439,348824,713,59887,244,27498,0.27401998462720983,0.09377401998462721,0.3645011371245949,0.1432421494564867,17.168256771323072,7.883058505148728,74.9486847235282,0.8439661798616449
2020-05-12,1625,262161,350449,487,60374,416,27914,0.18627672229468442,0.15911933567677355,0.368986453601903,0.15107019970197794,17.22761371840125,7.965210344443842,74.80717593715491,0.6215599049873967
2020-05-13,2796,263702,353245,1089,61463,166,28080,0.41539359401283943,0.06331986832518949,0.37910768562057223,0.11737458581518048,17.399538563886253,7.949157100595904,74.65130433551784,1.066520191790541
2020-05-14,2937,264878,356182,1586,63049,175,28255,0.6014364699547217,0.06636278829891316,0.41140233959223177,0.103768078596135,17.701343695077234,7.932742249748724,74.36591405517404,1.1137571956223313
2020-05-15,3758,267061,359940,1419,64468,156,28411,0.5357183307031916,0.05889503847054115,0.4382570137766449,0.09988825450640419,17.9107629049286,7.893259987775741,74.19597710729566,1.418766375463421
2020-05-16,2855,268273,362795,1470,65938,173,28584,0.5504360427018546,0.0647792077465448,0.47345530170859984,0.09883759230125685,18.175002411830373,7.878829642084373,73.94616794608525,1.0690441509617652
2020-05-17,1972,269804,364767,249,66187,192,28776,0.0928159002210435,0.07156888691743113,0.37944243493079216,0.08254559220286008,18.145007635010842,7.88887152620714,73.96612083878202,0.7350721093811156
2020-05-18,2235,270300,367002,1583,67770,156,28932,0.5867222131621473,0.057819750633793424,0.4241141818643546,0.07740926800988382,18.4658394232184,7.883335785636046,73.65082479114555,0.8283791196572327
2020-05-19,1801,271015,368803,917,68687,169,29101,0.33925268220495747,0.06252312245652979,0.44596789042296514,0.06360980897842042,18.624306201413763,7.890662494610944,73.48503130397529,0.6662967073621902
2020-05-20,2051,272189,370854,766,69453,111,29212,0.2826411822223862,0.04095714259358338,0.4270032601671861,0.060415133873905257,18.72785516672329,7.876954273110173,73.39519056016654,0.7567846798147704
2020-05-21,2696,274046,373550,711,70164,128,29340,0.2612155524286433,0.04702614727266716,0.37840027194917486,0.05765275658444154,18.783027707134252,7.85437023156204,73.3626020613037,0.9904882269305519
2020-05-22,2163,275272,375713,812,70976,125,29465,0.29630062106361704,0.04561278033614795,0.3441977420006642,0.0557552911366711,18.891015216401883,7.842422274448848,73.26656250914927,0.7892835509367041
2020-05-23,1656,276735,377369,89,71065,104,29569,0.032331657415211136,0.037780813159347844,0.270182829816858,0.051898377624214384,18.83170053714004,7.835566779465192,73.33273268339477,0.6015867941526926
2020-05-24,1801,277585,379170,831,71896,120,29689,0.3002872784432761,0.04336278389072579,0.2998215981343198,0.047868934334685045,18.96141572381781,7.829997098926603,73.20858717725558,0.6508031148933094
2020-05-25,1392,278235,380562,536,72432,206,29895,0.19309400724102527,0.07421150278293136,0.24358899728844516,0.050210613213133325,19.032903968341557,7.855487410724139,73.1116086209343,0.5014680188050507
2020-05-26,1452,278884,382014,661,73093,142,30037,0.23756896148938847,0.05103599475263716,0.22906275147193536,0.04856959496972009,19.133591962598228,7.8628008397597995,73.00360719764197,0.5218610167664025
2020-05-27,1181,279492,383195,470,73563,103,30140,0.1685288507049526,0.03693291834597898,0.2127609898265877,0.047994705791490885,19.197275538563918,7.865447096125993,72.9372773653101,0.4234735588990405
2020-05-28,2001,280546,385196,846,74409,101,30241,0.3026920269632047,0.036136991398680464,0.2186862004743822,0.04643911209520708,19.31717878690329,7.850808419609757,72.83201279348695,0.7159417800867288
2020-05-29,1942,281625,387138,764,75173,99,30340,0.2723261069485931,0.035288330612448585,0.21526126988652164,0.04496419070610717,19.41762368974371,7.836998692972532,72.74537761728376,0.6922215964583348
2020-05-30,1652,282329,388790,869,76042,79,30419,0.308566355969818,0.02805148690634709,0.2547233696800369,0.043574286955678485,19.558630623215617,7.824018107461612,72.61735126932277,0.586595650244119
2020-05-31,1283,282960,390073,562,76604,90,30509,0.1990585451724761,0.031877702963563785,0.2402621220699226,0.04193356110894105,19.638375381018424,7.821356515318928,72.54026810366265,0.45443436558058153
2020-06-01,1171,283549,391244,511,77115,71,30580,0.1805908962397512,0.02509188577890868,0.23847596335545487,0.03491647296550925,19.710206418500988,7.8160943043216,72.47369927717742,0.413839411931015
2020-06-02,1447,284159,392691,746,77861,91,30671,0.26309385679371117,0.03209321845606932,0.24212237697035807,0.03221036206599955,19.82754888703841,7.8104667537580434,72.36198435920355,0.5103174407245309
2020-06-03,1119,283845,393810,1346,79207,87,30758,0.4736784687446113,0.030616661798500134,0.2857151795474522,0.03130803970207401,20.11299865417333,7.810365404636753,72.07663594118992,0.3937936155462259
2020-06-04,1598,284358,395408,967,80174,118,30876,0.34067889164861104,0.04157198470996495,0.2911418745025102,0.03208446731797179,20.2762715979444,7.808643224213976,71.91508517784162,0.5629833183603727
2020-06-05,1465,281766,396873,3965,84139,92,30968,1.394369069975172,0.032353582455918246,0.4514337263634501,0.0316652175813246,21.20048478984461,7.802999952125743,70.99651525802965,0.515195633673046
2020-06-06,1111,282579,397984,269,84408,29,30997,0.09546929012017064,0.010292228302918024,0.42099128838492905,0.029128180637977587,21.20889281981185,7.788504060464742,71.0026031197234,0.3942988153290319
2020-06-07,1018,283273,399002,283,84691,41,31038,0.1001489848856426,0.014509216891559528,0.40686135120109573,0.026646968341976978,21.225708141813826,7.778908376399116,70.99538348178706,0.3602532389172585
2020-06-08,1064,284119,400066,143,84834,75,31113,0.05048133779075309,0.026476226114031342,0.38827427142266746,0.02684473124699451,21.205001174806156,7.776966800477921,71.01803202471592,0.37560939447105796
2020-06-09,768,284653,400834,148,84982,86,31199,0.052090849256825486,0.03026900700058778,0.3581309846316838,0.02658412961049714,21.20129529930096,7.7835213579686355,71.01518334273041,0.2703092718192025
2020-06-10,830,285039,401664,367,85349,77,31276,0.12892890642290789,0.02705047900426133,0.30888104715715464,0.026074674925605883,21.248854764181008,7.786607711918419,70.96453752390057,0.2915830853706091
2020-06-11,845,285474,402509,349,85698,61,31337,0.12243938548759994,0.021400580271471622,0.2777039748484388,0.023193045720106838,21.290952500440984,7.785415978276262,70.92363152128276,0.2964506611375987
2020-06-12,1050,286096,403559,345,86043,83,31420,0.12085163622606612,0.02907445161380721,0.09577291288428082,0.02272459845694812,21.321045993274836,7.785726498479776,70.89322750824539,0.36780932764454904
2020-06-13,1052,286756,404611,342,86385,50,31470,0.1195402941669929,0.017476651194004808,0.09921162774811257,0.023750944584246234,21.350136303758426,7.777840938580513,70.87202275766106,0.3677087411218612
2020-06-14,818,287136,405429,401,86786,37,31507,0.13984014283920826,0.01290295582306909,0.10488179317005053,0.023521478717319026,21.40596750602448,7.771274378497838,70.82275811547768,0.28525994225055445
2020-06-15,826,287674,406255,247,87033,41,31548,0.08602195475314833,0.01427894795497604,0.10995902416467841,0.021779010408882554,21.423244021612042,7.76556596226508,70.81119001612288,0.28766856123927337
2020-06-16,803,288144,407058,287,87320,46,31594,0.09976570701558013,0.015990322378803785,0.11676971813021478,0.019739198320056273,21.451488485670346,7.761547494460249,70.7869640198694,0.2791354102212922
2020-06-17,739,288532,407797,303,87623,48,31642,0.10515575545560553,0.01665833749791771,0.11337355370631445,0.018254606676292896,21.48691628432774,7.7592527654690935,70.75383095020317,0.256468987728358
2020-06-18,803,290047,408600,-758,86865,46,31688,-0.2627091622419697,0.015942772378800273,0.05835233260209021,0.017474919834482704,21.259177679882526,7.755261869799314,70.98556045031816,0.2783053526125352
2020-06-19,1167,291010,409767,137,87002,67,31755,0.047233724189527905,0.023099704530645034,0.047835488025441915,0.016621384536888106,21.232066027767,7.749525950113113,71.01840802211989,0.4023485848845187
2020-06-20,841,291707,410608,129,87131,15,31770,0.044328373595409094,0.005154462045977802,0.03709092794378708,0.014861071801455674,21.21999571367338,7.737306628219616,71.042697658107,0.2889935053778221
2020-06-21,830,292496,411438,0,87131,41,31811,0.0,0.014055199223878755,0.017113764681043035,0.015025678001571343,21.17718830054589,7.7316630938318776,71.09114860562224,0.2845320818492528
2020-06-22,708,292947,412146,204,87335,53,31864,0.06974454351512499,0.018119905913243257,0.014788420218468273,0.015574386281323805,21.190306347750553,7.731240870953497,71.07845278129595,0.24205459219955144
2020-06-23,664,293565,412810,0,87335,46,31910,0.0,0.01570249908686554,0.0005361763590996818,0.015533268668189769,21.15622199074635,7.729948402412732,71.11382960684092,0.2266621607321461
2020-06-24,719,294238,413529,14,87349,32,31942,0.004768960877488801,0.010900482005688689,-0.01380479429491699,0.01471071788358562,21.122823308643408,7.724246667101944,71.15293002425464,0.24492020506531773
2020-06-25,919,294766,414448,364,87713,27,31969,0.12370937812247229,0.009176245080513054,0.04139785432857473,0.013744071126687447,21.16381307184496,7.713633555958769,71.12255337219626,0.31233219366635173
2020-06-26,933,295475,415381,176,87889,48,32017,0.059708378849663804,0.016284103322635583,0.04317994785145128,0.012770413811257526,21.158647121558282,7.707863383255373,71.13348949518635,0.3165222583337291
2020-06-27,811,295486,416192,769,88658,31,32048,0.2602589051527202,0.010491581352060242,0.07402716664535287,0.01353285942641216,21.302187451945255,7.700292172843303,70.99752037521144,0.2744733056942212
2020-06-28,769,295844,416961,379,89037,32,32080,0.12826326797208668,0.010829616293157714,0.09235049064136525,0.013072061864880583,21.353795678732542,7.693765124316183,70.95243919695127,0.2602492165449463
2020-06-29,541,296352,417502,1,89038,32,32112,0.00033801598139560036,0.010816511404659212,0.08243527242226105,0.012028719792225718,21.32636490364118,7.691460160669889,70.98217493568893,0.1828666459350198
2020-06-30,508,296406,418010,437,89475,17,32129,0.14745977756181838,0.005736421552748084,0.10350095493109225,0.010604994430208941,21.404990311236574,7.686179756465156,70.90882993229827,0.17141777345858977
2020-07-01,769,296158,418779,1003,90478,14,32143,0.3383872121347071,0.004723251216237188,0.15116070511069488,0.009722532888858725,21.605190327117644,7.675408747812092,70.71940092507026,0.2594414418061713
2020-07-02,1035,292892,419814,4278,94756,23,32166,1.44449922001094,0.007766124838768495,0.33984496823761884,0.009521087140038074,22.57094808653356,7.661964584315911,69.76708732915053,0.3494756177445823
2020-07-03,1134,289724,420948,4277,99033,25,32191,1.4602652172131707,0.008535569424907474,0.5399245165752627,0.008414153726076914,23.52618375666353,7.647262844816937,68.82655339851954,0.38717342911380304
2020-07-04,863,284193,421811,6370,105403,24,32215,2.198644226919413,0.008283745909900457,0.8168367053990758,0.00809874866291123,24.988205618155998,7.637306755869335,67.37448762597467,0.29786969667683727
2020-07-05,631,275026,422442,9765,115168,33,32248,3.4360452227887386,0.011611827173786829,1.2893769846585976,0.008210493074429677,27.262440761098564,7.633710663238977,65.10384857566245,0.222032210504833
2020-07-06,583,268272,423025,7318,122486,19,32267,2.6608393388261473,0.006908437747703854,1.6694486022078476,0.007652196837721769,28.954789906033923,7.62768157910289,63.417528514863186,0.21197995825849192
2020-07-07,642,261993,423667,6896,129382,25,32292,2.5705254368700423,0.009318900220671557,2.01560083925188,0.00816397950456798,30.53860697198507,7.6220239008466555,61.83936912716827,0.23930935766684558
2020-07-08,770,252919,424437,9825,139207,19,32311,3.7501001935166207,0.007252102155401098,2.5029884080207245,0.008525243924448537,32.79803598649505,7.612672787716434,59.589291225788514,0.2939009820873077
2020-07-09,809,244333,425246,9363,148570,32,32343,3.7019757313606334,0.012652272071295554,2.8254850524992525,0.009223264957666689,34.937424455491644,7.605715280096697,57.45686026441166,0.3198652533024407
2020-07-10,944,236291,426190,8954,157524,32,32375,3.6646707567131744,0.013096880077599014,3.140400129570682,0.009874880765194051,36.96097984467022,7.596377202656092,55.44264295267369,0.3863579622891709
2020-07-11,791,227566,426981,9499,167023,17,32392,4.020043082470344,0.0071945186232230595,3.400599966077958,0.00971927686709728,39.11719725233675,7.586286040830856,53.296516706832385,0.3347567194687906
2020-07-12,831,217901,427812,10485,177508,11,32403,4.607454540660731,0.004833762512853414,3.5679441543453843,0.008750981915535364,41.49205725879592,7.574121343019831,50.93382139818425,0.36516878619828974
2020-07-13,665,209208,428477,9316,186824,42,32445,4.27533604710396,0.01927480828449617,3.7985865412422153,0.010517606277934266,43.60187361281936,7.572168401104377,48.82595798607627,0.3051844645045227
2020-07-14,975,200810,429452,9356,196180,17,32462,4.472104317234523,0.008125884287407747,4.070240667008569,0.01034717543032515,45.68147313320232,7.558935573707888,46.7595912930898,0.46604336354250314
2020-07-15,999,192826,430451,8950,205130,33,32495,4.456949355111798,0.016433444549574225,4.171219118665023,0.011658795772349883,47.65466917256552,7.549059010200929,44.79627181723355,0.49748518500074695
2020-07-16,1103,185496,431554,8410,213540,23,32518,4.361445033346126,0.01192785205314636,4.265429018948664,0.011555307198328571,49.481640768015126,7.535094101781006,42.98326513020387,0.572018296287845
2020-07-17,1032,177591,432586,8920,222460,17,32535,4.808729029197395,0.009164618104972613,4.428865915017839,0.01099355548795337,51.42561247936826,7.52104783788657,41.05333968274517,0.5563462284901022
2020-07-18,902,170561,433488,7915,230375,17,32552,4.456869999042745,0.009572557167874498,4.491269760242468,0.011333275280046434,53.1444930424833,7.509319750489056,39.34618720702765,0.5079086214954587
2020-07-19,850,163303,434338,8090,238465,18,32570,4.743171064897602,0.010553409044271551,4.51065783513345,0.012150367641677595,54.903093903826054,7.498768240402636,37.59813785577131,0.49835542709060104
2020-07-20,707,157206,435045,6790,245255,14,32584,4.1579150413648245,0.008573020703845,4.493883405742144,0.010621540844441711,56.374627912055075,7.489799905756875,36.13557218218805,0.43293754554417246
2020-07-21,882,152150,435927,5920,251175,18,32602,3.7657595766064906,0.011449944658600816,4.392977014223854,0.011096406611755009,57.61859210372379,7.478775116017132,34.90263278025908,0.56104728827144
2020-07-22,823,146693,436750,6265,257440,15,32617,4.117647058823529,0.009858692080184028,4.344505257611244,0.010157156258984982,58.944476244991414,7.4681167716084715,33.587406983400115,0.5409135721327637
2020-07-23,953,140882,437703,6725,264165,39,32656,4.584404163797863,0.026586135671095416,4.376356561961493,0.012251196775834847,60.352567837095016,7.4607667756446725,32.18666538726031,0.6496560844757419
2020-07-24,906,135888,438609,5891,270056,9,32665,4.18151360713221,0.006388324981189932,4.286754358809324,0.011854583472437322,61.57101199473791,7.44740759993525,30.98158040532684,0.6430913814397865
2020-07-25,845,130995,439454,5724,275780,14,32679,4.212292476156835,0.010302602142941245,4.251814712682765,0.011958875611732572,62.75514615864232,7.436273193553819,29.808580647803865,0.6218356293418109
2020-07-26,605,125745,440059,5845,281625,10,32689,4.462002366502539,0.007633879155692965,4.211647755769184,0.0115417999133642,63.9971003888115,7.428322111353251,28.57457749983525,0.4618496889194244
2020-07-27,781,120066,440840,6441,288066,19,32708,5.122271263270905,0.0151099447294127,4.349412930327197,0.012475646202731016,65.34479629797659,7.419471917248888,27.235731784774522,0.6210982544037537
2020-07-28,596,112196,441436,8455,296521,11,32719,7.041960255192977,0.009161627771392402,4.8174415986966945,0.012148743790272669,67.17191167009487,7.411946465625821,25.416141864279307,0.49639365015907916
2020-07-29,798,109445,442234,3534,300055,15,32734,3.149844914257193,0.01336946058683019,4.679184149472932,0.012650282148364977,67.84982611015887,7.401963666294315,24.74821022354681,0.7112553032193661
2020-07-30,940,107163,443174,3202,303257,20,32754,2.925670428068893,0.018274018913609576,4.442222187225936,0.011462836897295573,68.42842766046745,7.39077653472451,24.180795804808042,0.85887888893965
2020-07-31,924,103534,444098,4542,307799,11,32765,4.238403180202122,0.010264736896130194,4.450349269093067,0.012016610028001324,69.30880121054362,7.377876054384393,23.31332273507199,0.8622378992749363
2020-08-01,755,99756,444853,4525,312324,8,32773,4.370544941758263,0.007726930283771515,4.472956764178984,0.01164865690526279,70.20836096418367,7.367152744839307,22.42448629097702,0.7292290455309367
2020-08-02,467,95710,445320,4506,316830,7,32780,4.517021532539396,0.0070171217771362124,4.480816645041393,0.011560548708326113,71.14659121530585,7.3609988323003686,21.492409952393785,0.46814226713180157
2020-08-03,695,92572,446015,3822,320652,11,32791,3.9933131334238845,0.011493051927698256,4.319536912206105,0.01104384973665262,71.89264935035817,7.3519948880643025,20.755355761577526,0.7261519172500261
2020-08-04,850,89593,446865,3819,324471,10,32801,4.1254374972994,0.010802402454305837,3.9028908039355934,0.011278246119925967,72.61051995569132,7.340248173385699,20.049231870922984,0.9182042086159962
2020-08-05,688,87218,447553,3053,327524,10,32811,3.4076322927014386,0.011161586284642774,3.939717572284771,0.010962835505327766,73.18105341713719,7.3311987630515265,19.487747819811286,0.7679171363834228
2020-08-06,789,84666,448342,3335,330859,6,32817,3.8237519778027473,0.006879313903093398,4.068014936532465,0.009335020503825455,73.79611992630626,7.319635456861057,18.884244616832685,0.9046297782567818
2020-08-07,823,82888,449165,2596,333455,5,32822,3.066165875321853,0.0059055583114827675,3.900552464406712,0.00871228070601868,74.23886545033562,7.307336947446929,18.45379760221745,0.9720548980700635
2020-08-08,837,83716,450002,0,333455,9,32831,0.0,0.010858025287134447,3.2761889012983887,0.009159579992213384,74.10078177430323,7.295745352242879,18.603472873453896,1.0097963517035036
2020-08-09,604,81071,450606,3240,336695,9,32840,3.870227913421568,0.01075063309283769,3.183789812852985,0.00969293875159931,74.72048752124917,7.2879633205061625,17.991549158244673,0.7214869320082182
2020-08-10,593,77877,451199,3780,340475,7,32847,4.662579714077784,0.008634406877921821,3.27939932437497,0.009284560887345533,75.46005199479609,7.2799363473766565,17.260011657827256,0.7314576112296629
2020-08-11,711,75374,451910,3204,343679,10,32857,4.114180053160753,0.012840761713984874,3.2777911180694494,0.009575755067299683,76.05031975393331,7.270695492465314,16.67898475360138,0.9129781578643245
2020-08-12,773,72900,452683,3230,346909,17,32874,4.285297317377345,0.022554196407249184,3.403171835880293,0.011203270799100598,76.63398006993857,7.262035464110647,16.103984465950788,1.0255525778119776
2020-08-13,823,71615,453506,2095,349004,13,32887,2.8737997256515775,0.01783264746227709,3.2674643712872684,0.012768032736126839,76.95686495878776,7.251723240706848,15.791411800505395,1.1289437585733881
2020-08-14,816,70900,454322,1523,350527,8,32895,2.126649444948684,0.011170844096907072,3.1332477383768156,0.013520216419758884,77.15386884192269,7.24045940984588,15.60567174823143,1.1394260978845214
2020-08-15,791,70507,455113,1178,351705,6,32901,1.6614950634696757,0.00846262341325811,3.3706041760153407,0.013178016152062265,77.27860992764434,7.229193628835037,15.492196443520621,1.1156558533145275
2020-08-16,659,69253,455772,1904,353609,9,32910,2.700441090955508,0.012764690030777086,3.2034917728059042,0.013465738571767891,77.58462564615641,7.220715620968379,15.19465873287521,0.9346589700313445
2020-08-17,520,67872,456292,1891,355500,10,32920,2.730567628839184,0.014439807661761945,2.9274900463432467,0.014295081540887909,77.91063617157434,7.214678320023143,14.874685508402514,0.7508699984116212
2020-08-18,718,66964,457010,1614,357114,12,32932,2.378005657708628,0.01768033946251768,2.6794651327072287,0.014986449790678312,78.14139734360299,7.205969234808866,14.652633421588149,1.0578736445073078
2020-08-19,764,66485,457774,1241,358355,2,32934,1.8532345738008482,0.0029866794098321486,2.332027597910586,0.012191090219618733,78.28207805598396,7.194379759444617,14.523542184571426,1.1409115345558807
2020-08-20,679,66037,458453,1124,359479,3,32937,1.6906069038128901,0.004512296006618034,2.163000051933631,0.010288182868810296,78.41130933814371,7.184378769470371,14.404311892385914,1.0212829961645484
2020-08-21,817,65456,459270,1398,360877,0,32937,2.1169950179444856,0.0,2.1616208480758887,0.008692347997823572,78.5762187819801,7.171598406166307,14.252182811853594,1.2371852143495312
2020-08-22,701,65071,459971,1073,361950,13,32950,1.6392691273527256,0.01986066976289416,2.1584457143448956,0.010320640333485865,78.68974348382832,7.163495089907842,14.14676142626383,1.0709484233683695
2020-08-23,663,64187,460634,1530,363480,17,32967,2.3512778349802526,0.02612530927755836,2.1085652492055735,0.012229300225883189,78.90863462097892,7.156875089550489,13.934490289470599,1.018887061824776
2020-08-24,531,63264,461165,1449,364929,5,32972,2.2574664651720755,0.007789739355321171,2.040979368681701,0.011279290467820223,79.13198096126115,7.149718647338805,13.71830039140004,0.8272703195351083
2020-08-25,627,62813,461792,1070,365999,8,32980,1.6913252402630248,0.012645422357106728,1.9428821661894717,0.010560016595618657,79.25624523595039,7.141743468921073,13.602011295128543,0.9910849772382397
2020-08-26,676,62514,462468,968,366967,7,32987,1.5410822600417111,0.011144189896995844,1.8982889785095953,0.01172537523664204,79.34970635806152,7.132817838207184,13.517475803731285,1.0762103386241701
2020-08-27,901,62393,463369,1015,367982,7,32994,1.6236363054675753,0.011197491761845346,1.8887217501745501,0.012680403201674514,79.41446233994937,7.120459072574989,13.46507858747564,1.4412771539175224
2020-08-28,720,62366,464089,736,368718,11,33005,1.1796195085987211,0.01763018287307871,1.7548109631251552,0.015199000754971473,79.44984690436533,7.1117824382823125,13.438370657352362,1.1539756062378792
2020-08-29,680,62236,464769,803,369521,7,33012,1.2875605297758395,0.011224064394060866,1.7045668777570284,0.013965199987995289,79.50637843746033,7.1028833678666174,13.390738194673053,1.0903376839944843
2020-08-30,780,62210,465549,797,370318,9,33021,1.2806092936564046,0.014461083617199048,1.551614228996479,0.012298882036515388,79.54436589918569,7.092916105501247,13.36271799531306,1.2532939134905843
2020-08-31,743,61923,466292,1021,371339,9,33030,1.6412152387076033,0.01446712747146761,1.4635783395015542,0.013252794624536308,79.63657965395075,7.083544216928448,13.279876129120808,1.1943417457000483
2020-09-01,1331,62227,467623,1018,372357,9,33039,1.643977197487202,0.014534179545564654,1.4568143333907224,0.013522617080030299,79.6276059988495,7.0653068818257445,13.307087119324756,2.1494436639051724
2020-09-02,782,62210,468405,786,373143,13,33052,1.2631172963504589,0.020891252993073747,1.4171050528634004,0.014915054665184283,79.66247157908221,7.056286760388979,13.281241660528815,1.2566892185064362
2020-09-03,985,62379,469390,809,373952,7,33059,1.300434013824144,0.011252210255585919,1.370933296914339,0.01492287159286151,79.66765376339505,7.042970664053346,13.28937557255161,1.5833467288217329
2020-09-04,1246,62826,470636,793,374745,6,33065,1.2712611616088747,0.009618621651517337,1.3840249616300755,0.01377836284692417,79.62523053910029,7.025599401660731,13.349170059238988,1.9974670962984338
2020-09-05,807,62913,471443,712,375457,8,33073,1.1332887657975996,0.012733581638175277,1.3619861382046126,0.013994008167511942,79.63995647405943,7.0152701387018155,13.344773387238755,1.2845000477509312
2020-09-06,742,62878,472185,778,376235,-1,33072,1.2366283597984518,-0.0015894966064247452,1.3557031476534764,0.011701068135565687,79.67957474295032,7.004034435655516,13.316390821394156,1.179406481967161
2020-09-07,558,62217,472743,1200,377435,19,33091,1.908457648144025,0.03021724609561373,1.3938806347158224,0.013951085081872275,79.8393630365759,6.999786353261709,13.160850610162393,0.8874328063869716
2020-09-08,1012,62469,473755,751,378186,9,33100,1.2070655930051273,0.014465499783017503,1.3314646912183832,0.013941273687222682,79.82733691464998,6.986733649249085,13.185929436100938,1.6265650867126349
2020-09-09,629,62283,474384,811,378997,4,33104,1.2982439289887784,0.006403175975283741,1.336482781595286,0.011871548398966964,79.89244999831361,6.97831292792337,13.129237073763028,1.0068994221133682
2020-09-10,827,62422,475211,683,379680,5,33109,1.0966074209655925,0.008027872774272273,1.307364696901207,0.011410928758779302,79.89714042814666,6.967220876621122,13.135638695232224,1.327810156864634
2020-09-11,986,62763,476197,645,380325,0,33109,1.0332895453526,0.0,1.2733687517217391,0.010036839951419683,79.86715581996526,6.95279474671197,13.180049433322763,1.5795713049886257
2020-09-12,869,62938,477066,687,381012,7,33116,1.0945939486640217,0.011153067890317545,1.2678409207026569,0.009811052273154292,79.86567896265926,6.941597179425908,13.192723857914837,1.384573713812278
2020-09-13,716,62767,477782,887,381899,0,33116,1.4093234611840224,0.0,1.292511649472024,0.010038123216929257,79.93164246455497,6.931194561536433,13.137162973908604,1.1376275064349042
2020-09-14,773,62612,478555,916,382815,12,33128,1.4593655901986713,0.0191183265091529,1.2283556411941163,0.00845256327600628,79.99394009048072,6.922506294992216,13.083553614527066,1.2315388659645992
2020-09-15,805,62604,479360,800,383615,13,33141,1.277710343065227,0.02076279307480994,1.238447748345559,0.0093521766034052,80.02649365821095,6.913593124165554,13.059913217623498,1.2856960327093847
2020-09-16,723,62585,480083,727,384342,15,33156,1.1612676506293527,0.023960130343109065,1.2188797085799268,0.01186031294166596,80.05740674008453,6.906305784624742,13.036287475290731,1.154878282537857
2020-09-17,992,63046,481075,524,384866,7,33163,0.837261324598546,0.011184788687385157,1.1818302662417772,0.012311300929253517,80.00124720677648,6.893519721457153,13.105233071766357,1.5850443396980107
2020-09-18,889,63455,481964,475,385341,5,33168,0.7534181391365035,0.007930717254068458,1.1418486367823348,0.013444260536977583,79.95223709654663,6.881841797312663,13.165921106140708,1.4100815277733718
2020-09-19,1033,63740,482997,746,386087,2,33170,1.175636277677094,0.003151839886533764,1.1534261123556309,0.01230122796500847,79.93569318235932,6.867537479528858,13.196769338111832,1.627925301394689
2020-09-20,883,63598,483880,1018,387105,7,33177,1.5971132726702228,0.010982114841543772,1.180253228282231,0.013870101513800437,80.00020666280896,6.856452012895759,13.14334132429528,1.3853153435833072
2020-09-21,732,63210,484612,1116,388221,4,33181,1.7547721626466242,0.006289505959306897,1.222454167203367,0.012037412863822436,80.10965473409655,6.846920835637582,13.043424430265862,1.1509795905531621
2020-09-22,782,63144,485394,846,389067,2,33183,1.3383958234456574,0.0031640563202024997,1.2311235215434286,0.009523307613164231,80.15488448559314,6.836302055649637,13.008813458757215,1.2371460211991774
2020-09-23,718,63240,486112,617,389684,5,33188,0.9771316356265045,0.007918408716584314,1.2048183765430218,0.007231633095089266,80.16341912974788,6.8272332302020935,13.009347640050029,1.1370834917015076
2020-09-24,1043,63713,487155,565,390249,5,33193,0.8934218848829855,0.007906388361796331,1.212841313726513,0.0067632901914337195,80.10776857468362,6.813642475187569,13.07858895012881,1.6492726122707146
2020-09-25,984,64058,488139,630,390879,9,33202,0.9888091912168632,0.01412584558881233,1.2464686068808501,0.007648308524968557,80.07534739080467,6.801751140556276,13.122901468639055,1.5444257843768148
2020-09-26,1007,64333,489146,728,391607,4,33206,1.1364700739954416,0.00624434106590902,1.2408734349263284,0.008090094407736451,80.05932788983249,6.788566194960196,13.15210591520732,1.5720128633425958
2020-09-27,894,64418,490040,800,392407,9,33215,1.2435297592215504,0.01398970979124244,1.190361504433661,0.008519750829121977,80.07652436535793,6.778018120969716,13.145457513672353,1.3896445059300826
2020-09-28,996,64470,491036,930,393337,14,33229,1.4436958614051973,0.021733055978142755,1.1459220328277429,0.010725972260384242,80.1034954667275,6.767120944289217,13.129383588983293,1.5461516967307274
2020-09-29,1198,64883,492234,781,394118,4,33233,1.2114161625562276,0.006204436171862882,1.12778208127211,0.011160312239192867,80.06720380957024,6.751463734727792,13.181332455701963,1.8582286334729332
2020-09-30,1098,65156,493332,812,394930,13,33246,1.2514834394217282,0.02003606491685033,1.166975196099999,0.012891405982088013,80.05359473944524,6.739072267762886,13.207332992791873,1.6922768675924356
2020-10-01,1453,65935,494785,654,395584,20,33266,1.0037448584934618,0.030695561421818406,1.1827356209014959,0.016147002133519738,79.95068565134352,6.723324272158615,13.325990076497872,2.230032537295107
2020-10-02,1708,66662,496493,960,396544,21,33287,1.4559793736255402,0.031849548798058694,1.2494742183884497,0.01867895973484065,79.86900117423609,6.70442483579829,13.426573989965618,2.590429968908774
2020-10-03,1721,67401,498214,979,397523,3,33290,1.4686028021961537,0.004500315022051543,1.2969217509885513,0.018429813157146722,79.7896084814959,6.681867631178569,13.528523887325527,2.5816807176502357
2020-10-04,1228,67527,499442,1092,398615,10,33300,1.6201540036497974,0.014836575124998145,1.3507252144783009,0.018550793919111824,79.81207027042178,6.667440864004229,13.52048886557398,1.8219314253497723
2020-10-05,1154,67640,500596,1024,399639,17,33317,1.5164304648510967,0.025175115139129532,1.361115872113429,0.019042516656395645,79.83263949372348,6.655466683713014,13.511893822563504,1.7089460512091459
2020-10-06,1410,68143,502006,895,400534,12,33329,1.3231815493790657,0.017740981667652277,1.3770823559452634,0.020690594584365563,79.7866957765445,6.639163675334558,13.574140548120939,2.0845653459491427
2020-10-07,1467,68747,503473,839,401373,24,33353,1.2312343160706163,0.03522005194957663,1.3741896240379616,0.022859735589040746,79.72085891398348,6.62458562822634,13.65455545779019,2.1528256754178714
2020-10-08,1941,69981,505414,697,402070,10,33363,1.0138624230875528,0.014546089283896025,1.375634990408546,0.02055266814076612,79.55260439956155,6.601123039725849,13.846272560712604,2.823395930004218
2020-10-09,1661,70762,507075,872,402942,8,33371,1.246052499964276,0.011431674311598862,1.3456454370283655,0.017635828928414716,79.4639846176601,6.581077749839768,13.954937632500123,2.373501378945714
2020-10-10,1426,71365,508501,817,403759,6,33377,1.1545744891325853,0.008479127215171986,1.3007842494478559,0.018204230670289066,79.40181041925187,6.563802234410552,14.034387346337569,2.015205901472542
2020-10-11,1145,71560,509646,948,404707,2,33379,1.3283822602115882,0.0028024942198556714,1.2591025718138258,0.016485076255268714,79.40943321442727,6.549448048253101,14.04111873731963,1.604427940867372
2020-10-12,1150,71801,510796,897,405604,12,33391,1.2534935718278368,0.016769144773616546,1.221540158524789,0.015284223345909714,79.4062600333597,6.537051973782097,14.056687992858206,1.607043040804919
2020-10-13,1543,72496,512339,836,406440,12,33403,1.1643291876157713,0.016712859152379494,1.1988469639871755,0.015137348700870745,79.33028717314122,6.519706678585858,14.15000614827292,2.148995139343463
2020-10-14,1309,73184,513648,598,407038,23,33426,0.8248730964467005,0.031725888324873094,1.140795361183759,0.01463818246877024,79.24454100862847,6.507569386038688,14.247889605332835,1.8056168616199515
2020-10-15,1565,73963,515213,771,407809,15,33441,1.0535089637079142,0.0204962833406209,1.146459152700953,0.015488210191159507,79.15347632920754,6.4907135495416455,14.355810121250823,2.1384455618714475
2020-10-16,1729,75103,516942,579,408388,10,33451,0.7828238443546097,0.013520273650338683,1.0802836304710008,0.015786581525265197,79.00073896104398,6.470938712660221,14.528322326295793,2.337655314143558
2020-10-17,1790,76093,518732,785,409173,15,33466,1.045231215796972,0.019972571002489913,1.0646631628516274,0.017428502066310612,78.87945991378977,6.451500967744423,14.669039118465797,2.3833934729637964
2020-10-18,1454,76604,520186,932,410105,11,33477,1.2248170002496945,0.01445599463814017,1.0498681257142144,0.019093287840351258,78.83814635534213,6.435582656972699,14.726270987685174,1.9108196548959826
2020-10-19,1222,76888,521408,918,411023,20,33497,1.1983708422536683,0.026108297216855515,1.0419934500607615,0.020427452475099684,78.8294387504603,6.424335645022707,14.746225604517,1.595216959949872
2020-10-20,1299,77431,522707,746,411769,10,33507,0.97024243054833,0.013005930704401206,1.0142667704796986,0.019897891268245642,78.77625514867793,6.410283390121043,14.813461461201017,1.6894703985017168
2020-10-21,2061,78981,524768,496,412265,15,33522,0.6405703142152368,0.019372086115380147,0.9879378015894894,0.018133062381175218,78.56138331605585,6.38796572961766,15.050650954326484,2.661724632253232
2020-10-22,1709,80032,526477,644,412909,14,33536,0.8153859789063193,0.017725782150137374,0.9539202323321188,0.01773727649682043,78.42868729308213,6.369888903029002,15.201423803888868,2.163811549613198
2020-10-23,1786,80957,528263,848,413757,13,33549,1.059576169532187,0.016243502598960416,0.9934562787860584,0.018126309203766393,78.32405449558269,6.350813893836971,15.325131610580335,2.231607357057177
2020-10-24,1995,82260,530258,685,414442,7,33556,0.8461281915090727,0.008646565460676655,0.9650129896020727,0.016508308412078784,78.15855677802126,6.328240215140554,15.51320300683818,2.4642711562928468
2020-10-25,1589,83051,531847,789,415231,9,33565,0.9591539022611233,0.010940919037199124,0.9270611184608483,0.01600615475480149,78.07339328791927,6.311025539299837,15.615581172780894,1.9316800389010456
2020-10-26,1417,83643,533264,810,416041,15,33580,0.9753043310736776,0.018061191316179215,0.8951944740065638,0.01485656819756202,78.01782981787632,6.29706861892046,15.685101563203217,1.7061805396683964
2020-10-27,2057,84860,535321,820,416861,20,33600,0.9803569934124792,0.023911146180792178,0.8966394115585851,0.01641445612276073,77.87122119251814,6.276607867055468,15.852170940426399,2.4592613846944755
2020-10-28,2085,86325,537406,599,417460,21,33621,0.7058684892764553,0.024746641527221305,0.9059677222816164,0.017182249753023755,77.68056180987931,6.256163868657961,16.063274321462732,2.456987980202687
2020-10-29,2590,88308,539996,585,418045,22,33643,0.6776715899218071,0.02548508543295685,0.8862942381409719,0.018290721650569393,77.41631419491996,6.230231335046926,16.35345447003311,3.0002896032435564
2020-10-30,2302,89894,542298,704,418749,12,33655,0.7972097658196313,0.013588802826470988,0.8488133233248923,0.017911478825928046,77.2175077171592,6.205997440521632,16.576494842319168,2.606785342211351
2020-10-31,1977,91092,544275,766,419515,13,33668,0.8521147128840635,0.014461476850512826,0.8496685406641769,0.018742180453047496,77.07776399797896,6.185843553350788,16.736392448670248,2.199256902574143
2020-11-01,2177,92438,546452,812,420327,19,33687,0.8914064901418346,0.020858033636323717,0.8399903389328498,0.020158911110065295,76.91929025788176,6.1646768609136755,16.916032881204572,2.389891538225091
2020-11-02,1823,93441,548275,809,421136,11,33698,0.8751812025357537,0.0118998680196456,0.8256870348560036,0.01927872206770335,76.81108932561214,6.146185764443026,17.042724909944827,1.9721326727103572
2020-11-03,2429,95076,550704,782,421918,12,33710,0.8368917284703716,0.01284232831412335,0.805191997007131,0.01769746237246495,76.61429733577384,6.121255701792615,17.26444696243354,2.5995012895838014
2020-11-04,2159,96552,552863,650,422568,33,33743,0.6836635954394379,0.03470907484538685,0.8020198693161286,0.019120667132202885,76.43267862020066,6.103320352420039,17.464001027379297,2.270814927005764
2020-11-05,3057,99072,555920,511,423079,26,33769,0.5292484878614633,0.026928494490015744,0.7808165690217936,0.019326868426068438,76.10429558209815,6.074435170528133,17.821269247373724,3.166169525229928
2020-11-06,3241,101592,559161,705,423784,16,33785,0.7116036821705426,0.01614987080103359,0.7685871285004954,0.01969273527957738,75.78926284200794,6.042088056928148,18.168649101063917,3.271358204134367
2020-11-07,3416,104235,562577,757,424541,16,33801,0.7451374123946768,0.015749271596188677,0.7533046570020117,0.019876705957531073,75.46362542371978,6.008244204793299,18.528130371486924,3.3624694857862822
2020-11-08,3352,106894,565929,673,425214,20,33821,0.6456564493692138,0.019187413057034586,0.7181975083202083,0.019638045874775484,75.13557354367774,5.97619135969353,18.88823509662873,3.2158104283589966
2020-11-09,3579,109635,569508,809,426023,29,33850,0.7568245177465527,0.027129679869777535,0.7012894104931797,0.02181373328193719,74.80544610435675,5.943726865996615,19.250827029646643,3.3481766984115104
2020-11-10,3957,112864,573465,702,426725,26,33876,0.6403064714735258,0.023715054499019474,0.6732058023507731,0.023366979879779492,74.41169033855597,5.907248044780414,19.681061616663616,3.609248871254618
2020-11-11,4611,116809,578076,644,427369,22,33898,0.5705982421321236,0.01949248653246385,0.6570536090211568,0.021193181549361922,73.92955251558618,5.863934845937212,20.206512638476603,4.085447972781401
2020-11-12,5057,121316,583133,522,427891,28,33926,0.44688337371264203,0.02397075567807275,0.6452871641427539,0.02077064743337007,73.37794293926085,5.817883741787894,20.80417331895125,4.329289695143354
2020-11-13,5472,126136,588605,623,428514,29,33955,0.5135349005901942,0.02390451383164628,0.6169916239169898,0.02187845358060045,72.80162417920337,5.768724356741788,21.429651464054842,4.510534471957532
2020-11-14,5162,130606,593767,671,429185,21,33976,0.5319654975581911,0.016648696644891228,0.5865384932260633,0.022006942873272244,72.28171993391346,5.722109851170577,21.996170214915953,4.09240819432993
2020-11-15,3627,133137,597394,1075,430260,21,33997,0.823086228810315,0.016078893772108478,0.611885604574792,0.021562868689711374,72.02281911100546,5.690884073157749,22.286296815836785,2.777054652925593
2020-11-16,4063,136451,601457,713,430973,36,34033,0.5355385805598745,0.02703981612925032,0.5802733278338381,0.021550031012493198,71.65483151746508,5.658426121900651,22.68674236063426,3.0517436925873347
2020-11-17,5167,140913,606624,680,431653,25,34058,0.49834739210412526,0.018321595297945782,0.5599934593524951,0.02077953684091124,71.15659782666033,5.614350899403914,23.22905127393575,3.7867073161794345
2020-11-18,5364,145464,611988,768,432421,45,34103,0.5450171382342296,0.03193459794341189,0.5563390159385102,0.02255698132818953,70.65841160284188,5.572494885520631,23.769093511637482,3.8066040748546977
2020-11-19,5753,150443,617741,741,433162,33,34136,0.5094043887147336,0.022686025408348458,0.5652705895102377,0.022373448432514632,70.12032550858693,5.525940483147468,24.3537340082656,3.954930429522081
2020-11-20,5501,155888,623242,6,433168,50,34186,0.003988221452643194,0.03323517877202661,0.4924782067763017,0.023706400566854684,69.50237628401167,5.485188738884735,25.0124349771036,3.656534368498368
2020-11-21,5566,159337,628808,2090,435258,27,34213,1.340706148003695,0.01732012727086113,0.6080125854113737,0.023802319227707525,69.21953919161334,5.44092950471368,25.33953130367298,3.5705121625782614
2020-11-22,5227,163580,634035,964,436222,20,34233,0.6050069977469138,0.012552012401388252,0.5768584095451735,0.023298479031890352,68.80093370239813,5.3992287492015425,25.799837548400326,3.28046844110282
2020-11-23,6321,168619,640356,1244,437466,38,34271,0.7604841667685536,0.023230223743733954,0.6089934932892707,0.022754251548245154,68.31606169068456,5.351866774106903,26.33207153520854,3.864164323266903
2020-11-24,5478,173258,645834,800,438266,39,34310,0.4744423819379785,0.023129066119476453,0.6055784918369639,0.02344103309417811,67.8604718859645,5.312510645150302,26.82701746888519,3.248744210320308
2020-11-25,5996,178481,651830,738,439004,35,34345,0.4259543570859643,0.020201087395675815,0.5885695231014975,0.021764817301644385,67.34946228311063,5.269011858920271,27.381525857969102,3.4607348578420623
2020-11-26,6807,184689,658637,556,439560,43,34388,0.31151775258991155,0.024092200290226972,0.5603000036550942,0.021965699427627026,66.73782371776866,5.221085362650443,28.041090919580892,3.8138513343156974
2020-11-27,8005,191639,666642,1007,440567,48,34436,0.5452409185170747,0.025989636632392833,0.6376218175214416,0.020930621979107916,66.08749523732378,5.1655911268716945,28.746913635804525,4.33431335921468
2020-11-28,5751,196730,672393,624,441191,36,34472,0.3256122188072365,0.018785320315802108,0.49260839906480464,0.02113993527124234,65.61504953204451,5.1267636635122615,29.258186804443234,3.0009549204493866
2020-11-29,6718,202590,679111,818,442009,40,34512,0.415798302241651,0.020332435317440146,0.4655785854211957,0.022251424259249752,65.08641444476676,5.081938004243783,29.831647550989455,3.4148325115640725
2020-11-30,7335,208874,686446,982,442991,69,34581,0.4847228392319463,0.03405893676884348,0.4261841100588232,0.023798383262836825,64.5339910204153,5.03768686830428,30.428322111280423,3.620613060861839
2020-12-01,7614,215555,694060,860,443851,73,34654,0.41173147447743613,0.03494929957773586,0.4172254089930315,0.025486988042588175,63.949946690487856,4.992940091634729,31.05711321787742,3.645259821710696
2020-12-02,9383,224138,703443,726,444577,74,34728,0.3368049917654427,0.03432998538656028,0.4044897853758141,0.027505402041285956,63.200145569719226,4.936860555865934,31.862993874414844,4.352949363271555
2020-12-03,10144,233436,713587,745,445322,101,34829,0.3323845131124575,0.04506152459645397,0.40747075116474923,0.030501019799318383,62.40612567213248,4.880834432241619,32.713039895625904,4.525783222835932
2020-12-04,10850,243437,724437,792,446114,57,34886,0.3392792885416131,0.02441782758443428,0.3780476611682548,0.03027647564961002,61.5807861829255,4.815601632716165,33.60361218435833,4.647954899844069
2020-12-05,10163,252843,734600,703,446817,54,34940,0.2887810809367516,0.0221823305413721,0.37278607004389974,0.030761762824691445,60.82453035665668,4.756329975496869,34.419139667846444,4.174796764666012
2020-12-06,9276,261103,743876,971,447788,45,34985,0.38403277923454476,0.017797605628789407,0.36824813818574176,0.030399644297741342,60.196591905102466,4.703068791035065,35.10033930386247,3.6686797736144565
2020-12-07,8197,268302,752073,886,448674,112,35097,0.3393296898158964,0.04289494950268668,0.34747768826916314,0.03166193183114751,59.658304446509845,4.6667012377787795,35.67499431571137,3.1393741167278812
2020-12-08,9722,276920,761795,1023,449697,81,35178,0.3812867589507346,0.03018986067938368,0.34312844319392016,0.03098201198852577,59.03123543735519,4.617777748606908,36.350986814037896,3.6235287101847917
2020-12-09,10604,286600,772399,868,450565,56,35234,0.3134479271991911,0.020222446916076844,0.3397917196844556,0.028966649349885274,58.333193077671,4.561632006255834,37.10517491607317,3.8292647696085513
2020-12-10,10281,296071,782680,718,451283,92,35326,0.2505233775296581,0.03210048848569435,0.3280972717440557,0.0271150727626339,57.65868554198395,4.5134665508253695,37.82784790719068,3.5872295882763434
2020-12-11,10716,305934,793396,758,452041,95,35421,0.25601967095730416,0.032086898075123875,0.31620304066058297,0.028210654261303845,56.975457400843965,4.464479276426904,38.56006332272913,3.619402102873973
2020-12-12,10516,315663,803912,708,452749,79,35500,0.23142246366863442,0.02582256303647192,0.3080089524794234,0.02873068747488954,56.31822886087034,4.41590621859109,39.26586492053857,3.4373426948296038
2020-12-13,9876,324417,813788,1035,453784,87,35587,0.3278813164672451,0.027561038195797416,0.2999873149412377,0.030125463555890682,55.76194291387929,4.373006237496743,39.865050848623966,3.1286530255367273
2020-12-14,9811,333130,823599,978,454762,120,35707,0.3014638567029471,0.036989430270300265,0.29457791021081636,0.029281817951264052,55.21643421130914,4.335483651631437,40.448082137059416,3.0241941698492987
2020-12-15,10613,342612,834212,1005,455767,126,35833,0.3016840272566265,0.03782307207396512,0.28320609139737235,0.03037227672191854,54.63443345336677,4.295430897661506,41.07013564897172,3.185843364452316
2020-12-16,10128,351746,844340,882,456649,112,35945,0.2574340653567301,0.03269004004529905,0.27520411113416365,0.03215336145466457,54.083544543667244,4.257171281711159,41.6592841746216,2.956113621239186
2020-12-17,11186,361792,855526,984,457633,156,36101,0.27974731766672545,0.0443501845081394,0.2793789597251733,0.03390331802929958,53.49141931396591,4.219743175543467,42.28883751049062,3.180135666077226
2020-12-18,12542,373038,868068,1175,458808,121,36222,0.32477224482575623,0.03344463116929064,0.289200755992095,0.034097279899894826,52.85392388614717,4.172714579963782,42.97336153388905,3.4666327613656467
2020-12-19,9331,381201,877399,1083,459891,85,36307,0.2903189487398067,0.02278588240340126,0.297614539573691,0.033663468380884735,52.4152637511554,4.138026143180013,43.446710105664586,2.501353749483967
2020-12-20,9778,389441,887177,1443,461334,95,36402,0.3785404550355324,0.024921235778500056,0.30485155936916064,0.033286353749842255,52.00022092547485,4.103127109922823,43.89665196460233,2.565050983601827
2020-12-21,9768,397337,896945,1693,463027,179,36581,0.43472567089751724,0.045963316651302766,0.3238889613969564,0.0345683375185569,51.62267474594317,4.078399455930966,44.29892579812586,2.5082104863124326
2020-12-22,9889,405362,906834,1710,464737,154,36735,0.4303651560262447,0.038758031595346014,0.34227197979261614,0.03470190316446846,51.24829902716484,4.050906781174945,44.700794191660215,2.4888193145868622
2020-12-23,12325,416331,919159,1208,465945,148,36883,0.29800523976100374,0.036510575732308405,0.3480678618503695,0.035247693976898364,50.692535241454415,4.012689861057772,45.29477489748781,3.040492202031764
2020-12-24,12483,427540,931642,1144,467089,130,37013,0.274781363866731,0.0312251549848558,0.34735843987894166,0.03337268975928642,50.13610378235417,3.972877993907531,45.8910182237383,2.998335459045807
2020-12-25,11622,437651,943264,1395,468484,116,37129,0.3262852598587267,0.027131964260653976,0.34757458488365184,0.032470880200909755,49.66626522373376,3.9362257013943074,46.397509074871934,2.7183421434251764
2020-12-26,10823,446918,954087,1453,469937,103,37232,0.3319996983898129,0.023534734297419632,0.35352897769079555,0.032577859042912376,49.255151783852,3.902369490413348,46.84247872573466,2.4729750417570164
2020-12-27,7782,452655,961869,1928,471865,117,37349,0.4313990485950443,0.02617929911079885,0.36108020534215435,0.032757582376097924,49.05709613263345,3.882961193260205,47.05994267410635,1.7412590229080056
2020-12-28,11082,461914,972951,1654,473519,169,37518,0.3653996973412422,0.03733527741878472,0.3511764948341151,0.03152500534288106,48.66832964866679,3.8561037503430287,47.475566600990184,2.4482221559465818
2020-12-29,11687,472027,984638,1417,474936,157,37675,0.30676706053507796,0.033989010941430656,0.3335196240496627,0.030843716678036006,48.234579611999536,3.8262793026472672,47.93914108535319,2.530124655238854
2020-12-30,13886,484590,998524,1130,476066,193,37868,0.23939308556502065,0.040887491605353085,0.32514645916452223,0.03146899037418525,47.67697120950523,3.7923975788263475,48.53063121166842,2.9417808727043155
2020-12-31,17049,500370,1015573,1130,477196,139,38007,0.23318681772219815,0.028684042179987206,0.3192043811438747,0.03110597425920402,46.987858086026314,3.742419304176066,49.26972260979762,3.518231907385625
2021-01-01,13573,512286,1029146,1522,478718,135,38142,0.304174910566181,0.026980034774267043,0.3160457598163681,0.03108427004686303,46.51604339909012,3.706179686847153,49.77777691406273,2.712592681415752
2021-01-02,14643,525540,1043789,1287,480005,102,38244,0.25122685374966325,0.01991075297782879,0.3045067820106325,0.030566558429778626,45.986784685410555,3.6639589035715074,50.34925641101793,2.858364273081833
2021-01-03,13373,537236,1057162,1553,481558,124,38368,0.29550557521787113,0.023594778703809414,0.2850934286710363,0.03019734122878013,45.55195892398705,3.6293396849300295,50.81870139108292,2.5446207710164783
2021-01-04,11911,547238,1069073,1716,483274,193,38561,0.3194126975854187,0.03592462158157681,0.27852385727734724,0.02999581896632186,45.204957940196785,3.606956681162091,51.18808537864112,2.217088951596691
2021-01-05,13074,558384,1082147,1771,485045,157,38718,0.3236251868474046,0.028689528139493235,0.280932161036251,0.029238749994616512,44.822468666456594,3.5778872925767016,51.59964404096671,2.3890884770428955
2021-01-06,16752,573523,1098899,1443,486488,170,38888,0.25842431015215334,0.030444998424023612,0.2836509074058414,0.027746965254426593,44.27049255664078,3.53881475913619,52.19069268422302,3.0000859623484915
2021-01-07,18030,590082,1116929,1210,487698,261,39149,0.2109767175858684,0.04550820106604269,0.28047803595779436,0.030150416523863088,43.66418993508092,3.50505717015137,52.830752894767706,3.1437274529530637
2021-01-08,18664,607057,1135593,1540,489238,149,39298,0.2609806772618043,0.025250727864940804,0.2743074312000262,0.029903372679673627,43.08216059803116,3.4605708207077712,53.45726858126107,3.1629502340352698
2021-01-09,16621,621768,1152214,1761,490999,149,39447,0.29008808069094005,0.024544647372487263,0.27985903504878007,0.03056535759319626,42.61352491811417,3.4235827719503495,53.962892309935484,2.737963650859804
2021-01-10,14935,634865,1167149,1693,492692,145,39592,0.2722880559951622,0.023320595463259607,0.27654224658839305,0.030526188558832,42.213290676683094,3.392197568605208,54.394511754711694,2.40202133271574
2021-01-11,15202,648081,1182351,1770,494462,216,39808,0.27879942980003625,0.03402298126373324,0.2707403511904813,0.03025452565628292,41.82023781432079,3.36685129881059,54.81291088686862,2.3945248202373732
2021-01-12,15040,660938,1197391,1975,496437,208,40016,0.3047458573851108,0.03209475358790028,0.26804330412443933,0.030740986434626784,41.459890712390525,3.3419325850954285,55.19817670251405,2.320697567125097
2021-01-13,14933,674143,1212324,1560,497997,168,40184,0.23602819023872132,0.025418420487246914,0.26484385842252045,0.030022903872230115,41.077880170647454,3.3146254631600134,55.60749436619253,2.259364721047965
2021-01-14,13987,686475,1226311,1391,499388,264,40448,0.20633604442974265,0.03916083086229479,0.2641809051145025,0.02911613670026613,40.72278565551479,3.298347645907115,55.978866698578095,2.074782353298929
2021-01-15,20177,704424,1246488,2035,501423,193,40641,0.2964419680250555,0.02811464365053352,0.26924680379496696,0.02952526752677937,40.22686138976067,3.26044053372355,56.512698076515775,2.9392184711752067
2021-01-16,15180,717388,1261668,2057,503480,159,40800,0.29201162935959024,0.02257163299376512,0.269521596461917,0.029243408329819063,39.905902345149435,3.2338142839479165,56.86028337090265,2.1549521311028585
2021-01-17,13528,728151,1275196,2561,506041,204,41004,0.35698952310325793,0.028436494616581265,0.2816218060487878,0.029974251066007873,39.68338984752148,3.2155056948108367,57.10110445766768,1.8857298979074086
2021-01-18,12397,738888,1287593,1500,507541,160,41164,0.2060012277673175,0.02197346429518053,0.27122206290125656,0.02825289149907178,39.41781292691091,3.196972956516539,57.38521411657255,1.7025314804209566
2021-01-19,13598,749533,1301191,2737,510278,216,41380,0.37042149825142645,0.02923311787442752,0.2806042973107303,0.02784408639714709,39.21622575010125,3.18016340414282,57.603610845755924,1.8403330410021546
2021-01-20,13725,760877,1314916,2141,512419,240,41620,0.2856445279927635,0.03201993774790436,0.2876923455613077,0.028787160291526726,38.96971365471254,3.1652212004417013,57.86506514484575,1.8311401899582807
2021-01-21,14057,772908,1328973,1798,514217,228,41848,0.2363062623788076,0.029965421480738674,0.29197380526831695,0.027473530379875852,38.6928101624337,3.1488976826466755,58.15829215491963,1.8474733761172961
2021-01-22,15392,785605,1344365,2469,516686,226,42074,0.3194429349935568,0.02924022005206312,0.2952596576923886,0.027634327008665797,38.43346115080354,3.129656008598855,58.436882840597605,1.9914401196520155
2021-01-23,13075,796501,1357440,2041,518727,138,42212,0.25979977215012634,0.017566079645623435,0.2906579638053223,0.02691924795893127,38.21362270155587,3.109677039132485,58.676700259311644,1.6643224012067133
2021-01-24,12709,806027,1370149,3007,521734,176,42388,0.37752620524016917,0.022096645201952037,0.2935917755391668,0.02601355518541281,38.07863232392973,3.093678132816212,58.82768954325405,1.5956037719977754
2021-01-25,13013,815609,1383162,3214,524948,217,42605,0.39874594771639166,0.026922175063614495,0.3211267355318916,0.026720513866617664,37.95274884648364,3.0802610251004583,58.96699012841591,1.614462046556753
2021-01-26,11513,823516,1394675,3396,528344,210,42815,0.4163759840806073,0.025747631524419175,0.3276916620789175,0.026222587245187896,37.88294764013121,3.069890834782297,59.04716152508649,1.4115832463839904
2021-01-27,11231,831285,1405906,3314,531658,148,42963,0.4024208394250992,0.01797172125374613,0.3443739922835369,0.024215699174593867,37.816041755280935,3.0558942062982872,59.128064038420774,1.3637864959515056
2021-01-28,13579,841087,1419485,3540,535198,237,43200,0.4258467312654505,0.028510077771161515,0.3714512021244859,0.02400779293036856,37.703674219875516,3.043357273940901,59.25296850618358,1.6334951310320769
2021-01-29,12858,849835,1432343,3922,539120,188,43388,0.4663013457585244,0.022352027792606474,0.39243097509090985,0.023023765464731893,37.63902919901169,3.0291627075358347,59.33180809345247,1.5287360284964575
2021-01-30,12511,857627,1444854,4568,543688,151,43539,0.5375161060676484,0.017768154994793107,0.4321047370791273,0.023052633371756136,37.629269116464364,3.0133840512605428,59.3573468322751,1.472168126754017
2021-01-31,10532,862988,1455386,5009,548697,162,43701,0.5840534404817013,0.01888933067638962,0.46160862782791756,0.022594445582390075,37.701132208225175,3.0027085597910106,59.296159231983815,1.228039695578614
2021-02-01,9424,866798,1464810,5436,554133,178,43879,0.6299044714410861,0.020626011022169485,0.4946312740743024,0.02169499357646936,37.82968439592848,2.995542083956281,59.17477352011524,1.092019819510816
2021-02-02,8362,869847,1473172,5122,559255,191,44070,0.5909104543388425,0.022035122369917788,0.519564769825479,0.021164635125826302,37.96264115799106,2.991504047049496,59.045854794959446,0.9646999646976574
2021-02-03,6091,872171,1479263,3558,562813,209,44279,0.4090374514138693,0.024027213981309355,0.5205100001095889,0.022029705515478195,38.04685170926333,2.9933149142512185,58.959833376485456,0.700238087847633
2021-02-04,7616,875646,1486879,3990,566803,151,44430,0.45747909526916164,0.017313118643018398,0.5250289092529763,0.020430139925743464,38.12031779317618,2.9881382412422264,58.8915439655816,0.8732232555313121
2021-02-05,8956,879348,1495835,5093,571896,161,44591,0.581627735409058,0.018386425564668827,0.541504107774481,0.01986362532175237,38.23255907235758,2.981010606116316,58.786430321526105,1.022787747560087
2021-02-06,11084,884933,1506919,5263,577159,236,44827,0.5985116245218048,0.026838066385549295,0.550217753267932,0.02115932694900325,38.30059877140045,2.9747451588307,58.72465606976885,1.2604793551585949
2021-02-07,9790,888875,1516709,5696,582855,152,44979,0.6436645486155449,0.017176441606313698,0.558733625858481,0.02091462851042098,38.42892736840093,2.9655655765212705,58.6055070550778,1.1062984429329679
2021-02-08,9001,892279,1525710,5447,588302,150,45129,0.6127970749542961,0.01687526367599494,0.5562897120746538,0.020378807460967468,38.55922816262593,2.9579015671392335,58.48287027023484,1.0126283223175363
2021-02-09,8319,894905,1534029,5521,593823,172,45301,0.6187526547189837,0.019276481907564785,0.5602671692718169,0.01998471596634561,38.710024386761916,2.9530732469855523,58.33690236625253,0.9323317034246015
2021-02-10,7285,896845,1541314,5180,599003,165,45466,0.5788323900302267,0.018437711265441584,0.5845235890741537,0.019186215578364505,38.86313885425034,2.9498207373708407,58.18704040837883,0.8140528882954057
2021-02-11,10314,900817,1551628,6175,605178,167,45633,0.6885247729540779,0.01862083191632891,0.6175301144577131,0.019373031760266005,39.00277643868247,2.940975543106982,58.05624801821055,1.1500314993114753
2021-02-12,8660,903881,1560288,5422,610600,174,45807,0.6018980547658404,0.019315798880349726,0.620425874365825,0.019505799376791845,39.133800939313765,2.9358041592321418,57.93039490145409,0.9613495304817737
2021-02-13,8681,906518,1568969,5904,616504,140,45947,0.6531833283363628,0.015488764560821612,0.6282361177679047,0.01788447054468789,39.293574315362505,2.92848360930012,57.77794207533737,0.9604140368035172
2021-02-14,8250,907934,1577219,6712,623216,122,46069,0.7404155240160702,0.013458089083724757,0.6420576856822653,0.017353277327175187,39.513599569875836,2.9209006485465876,57.56549978157757,0.9100756962354857
2021-02-15,6399,906288,1583618,7926,631142,119,46188,0.8729709428218351,0.013106679560408577,0.6792253810919139,0.016814908167805707,39.85443459218069,2.916612465885081,57.22895294193423,0.7047869118239872
2021-02-16,7397,907874,1591015,5664,636806,147,46335,0.6249668979397278,0.016220009533393358,0.6801131301234487,0.01637826925720979,40.02514118345836,2.9122918388575845,57.06256697768406,0.8161864661123175
2021-02-17,6293,907447,1597308,6598,643404,122,46457,0.7267528313400318,0.013437988090858423,0.701244621739135,0.015664023089412196,40.28052197822837,2.908455977181608,56.811022044590025,0.6931578611128857
2021-02-18,7161,907180,1604469,7209,650613,219,46676,0.7944265615512531,0.02413364086277215,0.7163734486815887,0.016451567224618373,40.55005113841402,2.909124451765662,56.540824409820324,0.7891369964306455
2021-02-19,8963,908496,1613432,7502,658115,145,46821,0.8269582662757116,0.015983597521991227,0.7485249074687133,0.015975538459138586,40.789757485905824,2.9019506245072617,56.30829188958692,0.9880067902731542
2021-02-20,7609,906780,1621041,9227,667342,98,46919,1.0156346313027245,0.010787059051443264,0.8003036650353363,0.01530386624351311,41.16749668885611,2.8943746641818437,55.93812864696204,0.8375380849227735
2021-02-21,6482,903138,1627523,10023,677365,101,47020,1.1053397737047574,0.011138313593153797,0.8524357007051488,0.014972469744860117,41.61938110859263,2.889052873599943,55.49156601780743,0.7148371159487417
2021-02-22,6748,899007,1634271,10765,688130,114,47134,1.1919551607838448,0.012622655673883725,0.8980048746997217,0.014903323475356564,42.106235746702964,2.884099393552232,55.0096648597448,0.7471726358540998
2021-02-23,6841,895656,1641112,10068,698198,124,47258,1.1199022921957227,0.013792996050086373,0.9687099310220065,0.014556607263455566,42.54420173638362,2.8796328343220936,54.576165429294285,0.7609506933761361
2021-02-24,6370,892802,1647482,9097,707295,127,47385,1.0156801271916898,0.014179551077645881,1.0099852590008147,0.014662544832996631,42.931880287614675,2.8762074487005016,54.19191226368482,0.7112105540520021
2021-02-25,9051,893698,1656533,8043,715338,112,47497,0.9008716378323526,0.012544774765289503,1.0251916984695433,0.013006992533356252,43.18284030562627,2.867253474576118,53.94990621979761,1.0137746107199581
2021-02-26,8425,892426,1664958,9574,724912,123,47620,1.0712791121833103,0.013763038520842612,1.0600946764563433,0.01268976981890645,43.53935654833335,2.860132207539169,53.60051124412748,0.9427121913666585
2021-02-27,8213,890065,1673171,10474,735386,100,47720,1.1736547343981463,0.011205410868800326,1.0826689768985462,0.012749534364243174,43.95163435177875,2.8520695135165504,53.1962961347047,0.9203003946545708
2021-02-28,7517,887310,1680688,10165,745551,107,47827,1.1420514232106644,0.01202159392853331,1.0879134982565328,0.01287571726929739,44.35986929162343,2.8456798644364687,52.7944508439401,0.8445450613157466
2021-03-01,6755,883330,1687443,10613,756164,122,47949,1.196087049621891,0.013749422411558531,1.0885037680905394,0.013036683946108076,44.81123214235977,2.841518202392614,52.347249655247616,0.7612897409022776
2021-03-02,6137,878975,1693580,10399,766563,93,48042,1.1772497254706622,0.010528341616383458,1.0966962585583881,0.012570304741293377,45.262875092998264,2.8367127623141513,51.900412144687586,0.6947573387069386
2021-03-03,7851,876977,1701431,9707,776270,142,48184,1.1043545038254785,0.016155180750305753,1.1093640266489293,0.012852537551673355,45.624536052299504,2.8319690895487386,51.54349485815175,0.8931994652862709
2021-03-04,7854,875052,1709285,9654,785924,125,48309,1.1008270456351763,0.01425350949910887,1.1379290849064756,0.013096642513647552,45.97969326355757,2.8262694635476238,51.1940372728948,0.8955765088480085
2021-03-05,9179,873709,1718464,10421,796345,101,48410,1.1909006550467858,0.01154217120811106,1.1550178767441148,0.012779375754685901,46.34051106104056,2.8170505753975643,50.842438363561875,1.0489662328638756
2021-03-06,7675,871308,1726139,9988,806333,88,48498,1.1431723834823724,0.010072003378699314,1.1506632551847187,0.012617460398957185,46.71309784437985,2.809623095243199,50.477279060376944,0.8784389310399687
2021-03-07,6788,866964,1732927,11051,817384,81,48579,1.268323026989308,0.009296368218815848,1.168702055724525,0.012228142440426122,47.167826457779235,2.8032917716672427,50.02888177055352,0.7790586107323701
2021-03-08,5885,860345,1738812,12440,829824,64,48643,1.4348923369367126,0.007382082762375369,1.2028170967694993,0.011318522490542812,47.72361819449141,2.7974847194521315,49.478897086056456,0.6788055790090477
2021-03-09,7153,858208,1745965,9207,839031,83,48726,1.0701520901498818,0.009647292655853176,1.1875174345808166,0.011192658353324197,48.05543066441767,2.7907775929070744,49.15379174267525,0.8314106550279249
2021-03-10,6620,855132,1752585,9585,848616,111,48837,1.116862112681308,0.012933927439501846,1.189304235845935,0.01073247930892364,48.420818391119404,2.786569552974606,48.79261205590599,0.7713747716171371
2021-03-11,7025,852433,1759610,9611,858227,113,48950,1.123920049770094,0.013214334161275687,1.1926032364366375,0.010584025689233185,48.77370553702241,2.781866436312592,48.444428026665,0.8215105971943513
2021-03-12,9245,851888,1768855,9719,867946,71,49021,1.140148257986258,0.008329100351581884,1.1853528939994191,0.010125015566871873,49.06823905860006,2.7713407825966514,48.16042015880329,1.0845427147940072
2021-03-13,6588,846328,1775443,12064,880010,84,49105,1.4161486016941194,0.009860451139116879,1.2243494966010975,0.010094793818360098,49.56565769782527,2.7657885947338214,47.66855370744091,0.7733410964821666
2021-03-14,6093,839989,1781536,12334,892344,98,49203,1.4573545953814597,0.01157943492357573,1.2513540063714046,0.010420946204754367,50.088462989240746,2.761830240870799,47.14970676988845,0.719933642748438
2021-03-15,6365,834803,1787901,11473,903817,78,49281,1.365851219480255,0.009285835885946125,1.2414909895919108,0.010692910936693046,50.55184822873302,2.7563606709767488,46.69179110029023,0.7577480181288089
2021-03-16,6600,830627,1794501,10678,914495,98,49379,1.279104171882468,0.011739296576557583,1.2713412869822804,0.010991768639650817,50.96096352133546,2.751684172926067,46.28735230573847,0.7906056878089801
2021-03-17,9179,832175,1803680,7566,922061,65,49444,0.9108781679381961,0.007825413813902029,1.2419150091618358,0.010261980978850846,51.12109686862414,2.741284485052781,46.13761864632307,1.1050688215047186
2021-03-18,8259,829465,1811939,10874,932935,95,49539,1.3066963078679363,0.011415868056598673,1.2680259031758132,0.010005057249611272,51.48821235151956,2.7340324370743163,45.777755211406124,0.9924595187310361
2021-03-19,8333,826198,1820272,11519,944454,81,49620,1.3887264682656892,0.009765330664946682,1.3035370760728746,0.010210233008663385,51.885322633100984,2.7259662292228852,45.388711137676125,1.0046234621111199
2021-03-20,7581,820096,1827853,13622,958076,61,49681,1.6487573196739764,0.007383218066371499,1.3367668929271403,0.00985634256969976,52.41537475934881,2.7179975632613784,44.866627677389815,0.9175766583797105
2021-03-21,8008,811230,1835861,16856,974932,18,49699,2.0553691275167787,0.002194864991415639,1.4221975403750429,0.008515689722248318,53.1048919280926,2.7071221622987798,44.18798590960863,0.9764710472920244
2021-03-22,6770,804555,1842631,13414,988346,31,49730,1.6535384539526399,0.003821357691406876,1.4632957167282405,0.007735049980171283,53.63776035462336,2.698858317264824,43.66338132811181,0.8345352119620822
2021-03-23,7017,797002,1849648,14439,1002785,131,49861,1.79465667356489,0.016282292695962364,1.536946074111444,0.008384049425800538,54.21491008018823,2.6957021011565443,43.089387818655226,0.8721591438745642
2021-03-24,7500,791135,1857148,13213,1015998,154,50015,1.6578377469567203,0.019322410734226515,1.6436545853998044,0.010026477557275464,54.70743311787752,2.693107926778049,42.59945895534443,0.9410264967967458
2021-03-25,8379,787741,1865527,11695,1027693,78,50093,1.4782559234517496,0.009859252845595252,1.6681631019117773,0.009804103955703544,55.08861571019878,2.6851929776411705,42.22619131216005,1.059111276836444
2021-03-26,8758,783601,1874285,12834,1040527,64,50157,1.6292156939907914,0.008124497772745102,1.7025187055867923,0.009569699256817608,55.51594341308819,2.6760604710596305,41.80799611585218,1.1117867420890877
2021-03-27,8081,775083,1882366,16524,1057051,75,50232,2.108726252263588,0.009571197586526817,1.768228553099594,0.00988226775969694,56.15544479660172,2.668556486889372,41.17599871650891,1.0312646359563094
2021-03-28,9440,766632,1891806,17804,1074855,87,50319,2.297044316544164,0.011224604332697272,1.8027535801035062,0.011172230522737173,56.81634374772043,2.6598393281340686,40.5238169241455,1.217934079317957
2021-03-29,8022,756006,1899828,18526,1093381,122,50441,2.4165440524267185,0.01591376305711215,1.9117543798855172,0.012899717003552209,57.551578353408836,2.655029823752466,39.7933918228387,1.0463951413455217
2021-03-30,6798,746300,1906626,16445,1109826,59,50500,2.175247286397198,0.007804170866368786,1.9661244674329903,0.011688556742181697,58.208898861129555,2.648657890955017,39.14244324791543,0.8991992127046611
2021-03-31,8628,740123,1915254,14718,1124544,87,50587,1.9721291705748358,0.011657510384563849,2.0110232422355776,0.010593570977944175,58.71513647798151,2.641268468829722,38.64359505318877,1.1561034436553665
2021-04-01,9144,733989,1924398,15196,1139740,82,50669,2.0531722429920434,0.01107923953180755,2.0931541450270488,0.010767854790260217,59.22579424838313,2.6329792485753987,38.14122650304147,1.2354703204737592
